{"cameraMode":{"drawMode":0,"name":"Shaded","section":"Shading Mode"},"sceneLighting":false,"audioPlay":false,"sceneViewState":{"m_AlwaysRefresh":false,"showFog":true,"showSkybox":false,"showFlares":true,"showImageEffects":true,"showParticleSystems":true,"showVisualEffectGraphs":true,"m_FxEnabled":true},"in2DMode":false,"pivot":{"x":0.8999999761581421,"y":33.79999923706055,"z":5.800000190734863},"rotation":{"x":0.06268629431724549,"y":0.09268179535865784,"z":-0.005846692714840174,"w":0.9937036037445068},"size":1.373688817024231,"orthographic":false}