{"cameraMode":{"drawMode":0,"name":"Shaded","section":"Shading Mode"},"sceneLighting":true,"audioPlay":false,"sceneViewState":{"m_AlwaysRefresh":false,"showFog":true,"showSkybox":true,"showFlares":true,"showImageEffects":true,"showParticleSystems":true,"showVisualEffectGraphs":true,"m_FxEnabled":true},"in2DMode":false,"pivot":{"x":785.374267578125,"y":47.683692932128909,"z":-33.21234130859375},"rotation":{"x":0.27750492095947268,"y":0.03601692616939545,"z":-0.010411802679300309,"w":0.9599961638450623},"size":16.524953842163087,"orthographic":false}